repo,actor,year,role
hiero-sdk-java,dependabot,2026,general_user
hiero-sdk-java,newtechmitch,2026,general_user
hiero-sdk-java,mustafauzunn,2026,maintainer
hiero-sdk-java,0xivanov,2026,maintainer
hiero-sdk-java,PavelSBorisov,2026,maintainer
hiero-sdk-java,manishdait,2026,general_user
hiero-sdk-java,hendrikebbers,2026,maintainer
hiero-sdk-java,jjohannes,2026,committer
hiero-sdk-java,kimhieu-dev,2026,general_user
hiero-sdk-java,agadzhalov,2026,maintainer
hiero-sdk-java,oGranny,2026,general_user
hiero-sdk-java,gangulysiddhartha22-cmyk,2026,general_user
hiero-sdk-java,dependabot,2025,general_user
hiero-sdk-java,emiliyank,2026,maintainer
hiero-sdk-java,jwagantall,2026,general_user
hiero-sdk-java,andrewb1269,2026,maintainer
hiero-sdk-java,emiliyank,2025,maintainer
hiero-sdk-java,andrewb1269,2025,maintainer
hiero-sdk-java,rbarker-dev,2025,maintainer
hiero-sdk-java,PavelSBorisov,2025,maintainer
hiero-sdk-java,agadzhalov,2025,maintainer
hiero-sdk-java,0xivanov,2025,maintainer
hiero-sdk-java,jjohannes,2025,committer
hiero-improvement-proposals,lukasz-hashgraph,2026,general_user
hiero-improvement-proposals,dependabot,2026,general_user
hiero-improvement-proposals,Nana-EC,2026,committer
hiero-improvement-proposals,jsync-swirlds,2026,committer
hiero-improvement-proposals,mgarbs,2026,maintainer
hiero-improvement-proposals,steven-sheehy,2026,committer
hiero-improvement-proposals,xin-hedera,2026,general_user
hiero-improvement-proposals,Reccetech,2026,maintainer
hiero-improvement-proposals,RaphaelMessian,2026,maintainer
hiero-improvement-proposals,PavelSBorisov,2026,maintainer
hiero-improvement-proposals,Neurone,2026,committer
hiero-improvement-proposals,ty-swirldslabs,2026,committer
hiero-improvement-proposals,Ferparishuertas,2026,general_user
hiero-improvement-proposals,0x-ds,2026,general_user
hiero-improvement-proposals,acuarica,2026,general_user
hiero-improvement-proposals,gkozyryatskyy,2026,general_user
hiero-improvement-proposals,Mark-Swirlds,2026,committer
hiero-improvement-proposals,jsync-swirlds,2025,committer
hiero-improvement-proposals,stoqnkpL,2026,maintainer
hiero-improvement-proposals,rbair23,2026,maintainer
hiero-improvement-proposals,rsinha,2026,general_user
hiero-improvement-proposals,kpachhai,2025,general_user
hiero-improvement-proposals,copilot-pull-request-reviewer,2025,general_user
hiero-improvement-proposals,mgarbs,2025,maintainer
hiero-improvement-proposals,stoyanov-st,2026,committer
hiero-improvement-proposals,Reccetech,2025,maintainer
hiero-improvement-proposals,tinker-michaelj,2025,committer
hiero-improvement-proposals,akdev,2026,general_user
hiero-improvement-proposals,mhess-swl,2026,general_user
hiero-improvement-proposals,Neeharika-Sompalli,2026,committer
hiero-improvement-proposals,Neurone,2025,committer
hiero-improvement-proposals,timfn-hg,2026,general_user
hiero-improvement-proposals,andrewb1269,2026,maintainer
hiero-improvement-proposals,steven-sheehy,2025,committer
hiero-improvement-proposals,Ferparishuertas,2025,general_user
hiero-improvement-proposals,kantorcodes,2026,maintainer
hiero-improvement-proposals,kantorcodes,2025,maintainer
hiero-improvement-proposals,hendrikebbers,2026,maintainer
hiero-improvement-proposals,Nana-EC,2025,committer
hiero-improvement-proposals,jwagantall,2026,general_user
hiero-improvement-proposals,RaphaelMessian,2025,maintainer
hiero-improvement-proposals,tinker-michaelj,2026,committer
hiero-improvement-proposals,lukasz-hashgraph,2025,general_user
hiero-improvement-proposals,acuarica,2025,general_user
hiero-improvement-proposals,kpachhai,2026,general_user
hiero-improvement-proposals,lukelee-sl,2025,committer
hiero-improvement-proposals,IvanKavaldzhiev,2026,committer
hiero-improvement-proposals,joshmarinacci,2026,general_user
hiero-improvement-proposals,dependabot,2025,general_user
hiero-improvement-proposals,jwagantall,2025,general_user
hiero-improvement-proposals,Neeharika-Sompalli,2025,committer
hiero-improvement-proposals,ty-swirldslabs,2025,committer
hiero-improvement-proposals,walter-hernandez,2025,general_user
hiero-improvement-proposals,ibankov,2025,general_user
hiero-improvement-proposals,PavelSBorisov,2025,maintainer
hiero-improvement-proposals,akdev,2025,general_user
hiero-improvement-proposals,SimiHunjan,2025,committer
hiero-improvement-proposals,andrewb1269,2025,maintainer
hiero-improvement-proposals,littletarzan,2025,committer
hiero-improvement-proposals,rbarker-dev,2025,maintainer
hiero-improvement-proposals,jnels124,2025,committer
hiero-improvement-proposals,ashumahajan,2025,general_user
hiero-improvement-proposals,rbair23,2025,maintainer
hiero-improvement-proposals,mhess-swl,2025,general_user
hiero-improvement-proposals,AlexanderShenshin,2025,general_user
hiero-improvement-proposals,github-advanced-security,2025,general_user
hiero-improvement-proposals,Mark-Swirlds,2025,committer
hiero-improvement-proposals,stoyanov-st,2025,committer
hiero-improvement-proposals,gkozyryatskyy,2025,general_user
hiero-improvement-proposals,joshmarinacci,2025,general_user
hiero-sdk-go,Dosik13,2026,maintainer
hiero-sdk-go,0xivanov,2026,maintainer
hiero-sdk-go,dependabot,2026,general_user
hiero-sdk-go,tsinglua,2026,general_user
hiero-sdk-go,gsstoykov,2026,maintainer
hiero-sdk-go,kaldun-tech,2026,general_user
hiero-sdk-go,moveyield,2026,general_user
hiero-sdk-go,andrewb1269,2026,maintainer
hiero-sdk-go,jwagantall,2026,general_user
hiero-sdk-go,hendrikebbers,2026,maintainer
hiero-sdk-go,lfdt-bot,2026,general_user
hiero-sdk-go,majiayu000,2025,general_user
hiero-sdk-go,liuyueyangxmu,2025,general_user
hiero-sdk-go,0xivanov,2025,maintainer
hiero-sdk-go,gsstoykov,2025,maintainer
hiero-sdk-go,agadzhalov,2026,maintainer
hiero-sdk-go,jeffriegel-arc,2026,general_user
hiero-sdk-go,dependabot,2025,general_user
hiero-sdk-go,findfluctuate,2025,general_user
hiero-sdk-go,sunnyraindy,2025,general_user
hiero-sdk-go,rocksload,2025,general_user
hiero-sdk-go,pennylees,2025,general_user
hiero-sdk-go,reddaisyy,2025,general_user
hiero-sdk-go,russcoss,2025,general_user
hiero-sdk-go,lfdt-bot,2025,general_user
hiero-sdk-go,mickychang9,2025,general_user
hiero-sdk-go,joemicky,2025,general_user
hiero-sdk-go,andrewb1269,2025,maintainer
hiero-sdk-swift,oGranny,2026,general_user
hiero-sdk-swift,rwalworth,2026,maintainer
hiero-sdk-swift,rbarker-dev,2026,maintainer
hiero-sdk-swift,freya-docs,2026,general_user
hiero-sdk-swift,andrewb1269,2026,maintainer
hiero-sdk-swift,SimiHunjan,2026,maintainer
hiero-sdk-swift,gangulysiddhartha22-cmyk,2026,general_user
hiero-sdk-swift,PavelSBorisov,2026,maintainer
hiero-sdk-swift,rwalworth,2025,maintainer
hiero-sdk-swift,github-advanced-security,2026,general_user
hiero-sdk-swift,ambicuity,2026,general_user
hiero-sdk-swift,copilot-pull-request-reviewer,2026,general_user
hiero-sdk-swift,GrimNej,2026,general_user
hiero-sdk-swift,ParasSalonia,2026,general_user
hiero-sdk-swift,William-Laverty,2026,general_user
hiero-sdk-swift,jwagantall,2026,general_user
hiero-sdk-swift,andrewb1269,2025,maintainer
hiero-sdk-swift,rbarker-dev,2025,maintainer
hiero-sdk-swift,SimiHunjan,2025,maintainer
hiero-sdk-swift,github-advanced-security,2025,general_user
hiero-sdk-js,localhost-legend,2026,general_user
hiero-sdk-js,dependabot,2026,general_user
hiero-sdk-js,zlplzp123wyt,2026,general_user
hiero-sdk-js,rbarker-dev,2025,maintainer
hiero-sdk-js,andrewb1269,2025,maintainer
hiero-sdk-js,venilinvasilev,2025,maintainer
hiero-sdk-js,realMelTuc,2026,general_user
hiero-sdk-js,PavelSBorisov,2026,maintainer
hiero-sdk-js,andrewb1269,2026,maintainer
hiero-sdk-js,venilinvasilev,2026,maintainer
hiero-sdk-js,rbarker-dev,2026,maintainer
hiero-sdk-js,Aman-Singh-Kushwaha,2026,general_user
hiero-sdk-js,ivaylonikolov7,2026,maintainer
hiero-sdk-js,parvninama,2026,general_user
hiero-sdk-js,LeC-D,2026,general_user
hiero-sdk-js,mizoz,2026,general_user
hiero-sdk-js,Neurone,2026,general_user
hiero-sdk-js,exploreriii,2026,triage
hiero-sdk-js,harshitatibra,2026,general_user
hiero-sdk-js,aceppaluni,2026,triage
hiero-sdk-js,adi-rajput,2026,general_user
hiero-sdk-js,Akshat8510,2026,triage
hiero-sdk-js,github-advanced-security,2026,general_user
hiero-sdk-js,Yuki9814,2026,general_user
hiero-sdk-js,AgrimTawani,2026,general_user
hiero-sdk-js,Rohanarora17,2026,general_user
hiero-sdk-js,Ahmarkalam,2026,general_user
hiero-sdk-js,mariodimitrovv,2026,committer
hiero-sdk-js,zcorio,2026,general_user
hiero-sdk-js,Reccetech,2025,general_user
hiero-sdk-js,ManuJRS,2026,general_user
hiero-sdk-js,shixian-HFUT,2026,general_user
hiero-sdk-js,nthbotast,2026,general_user
hiero-sdk-js,KJyang-0114,2026,general_user
hiero-sdk-js,SergioChan,2026,general_user
hiero-sdk-js,ambicuity,2026,general_user
hiero-sdk-js,copilot-pull-request-reviewer,2026,general_user
hiero-sdk-js,jeromy-cannon,2026,maintainer
hiero-sdk-js,gangulysiddhartha22-cmyk,2026,general_user
hiero-sdk-js,rolloerro,2026,general_user
hiero-sdk-js,rwalworth,2026,triage
hiero-sdk-js,Divyansh21321,2026,general_user
hiero-sdk-js,slegarraga,2026,general_user
hiero-sdk-js,Rachit753,2026,general_user
hiero-sdk-js,lfdt-bot,2026,general_user
hiero-sdk-js,ivaylonikolov7,2025,maintainer
hiero-sdk-js,imabhirajj,2026,general_user
hiero-sdk-js,GrimNej,2026,general_user
hiero-sdk-js,akshay-it23,2025,general_user
hiero-sdk-js,dependabot,2025,general_user
hiero-sdk-js,angel-exodus,2026,general_user
hiero-sdk-js,AkshatSharma25,2026,general_user
hiero-sdk-js,jwagantall,2026,general_user
hiero-sdk-js,github-advanced-security,2025,general_user
hiero-sdk-js,mariodimitrovv,2025,committer
hiero-sdk-js,lfdt-bot,2025,general_user
hiero-sdk-js,0xivanov,2026,committer
hiero-sdk-js,ChaitanyaChute,2025,general_user
hiero-sdk-js,PavelSBorisov,2025,maintainer
hiero-sdk-js,agadzhalov,2025,maintainer
hiero-sdk-js,copilot-pull-request-reviewer,2025,general_user
hiero-sdk-js,stepsecurity-app,2025,general_user
hiero-sdk-js,0xivanov,2025,committer
hiero-sdk-js,gsstoykov,2025,general_user
hiero-sdk-js,dalvizu,2025,general_user
hiero-sdk-js,a-saksena,2025,triage
hiero-docs,PavelSBorisov,2026,maintainer
hiero-docs,jwagantall,2026,general_user
hiero-docs,deshmukhpranali,2025,maintainer
hiero-docs,jwagantall,2025,general_user
hiero-docs,andrewb1269,2026,maintainer
hiero-docs,copilot-pull-request-reviewer,2025,general_user
hiero-docs,theekrystallee,2025,maintainer
hiero-cli,rozekmichal,2026,committer
hiero-cli,matevszm,2026,committer
hiero-cli,mmyslblocky,2026,maintainer
hiero-cli,misiek-blocky,2026,maintainer
hiero-cli,dependabot,2026,general_user
hiero-cli,piotrswierzy,2026,maintainer
hiero-cli,devmab,2026,maintainer
hiero-cli,michielmulders,2026,general_user
hiero-cli,andrewb1269,2026,maintainer
hiero-cli,rbarker-dev,2026,maintainer
hiero-cli,github-advanced-security,2026,general_user
hiero-cli,atharvalade,2026,general_user
hiero-cli,stepsecurity-app,2026,general_user
hiero-cli,jazibrq,2026,general_user
hiero-cli,DivyanshGoel20,2026,general_user
hiero-cli,chinesepowered,2026,general_user
hiero-cli,rozekmichal,2025,committer
hiero-cli,matevszm,2025,committer
hiero-cli,mmyslblocky,2025,maintainer
hiero-cli,nathanklick,2026,maintainer
hiero-cli,jwagantall,2026,general_user
hiero-cli,copilot-pull-request-reviewer,2026,general_user
hiero-cli,PavelSBorisov,2026,maintainer
hiero-cli,SBALAVIGNESH123,2026,general_user
hiero-cli,dependabot,2025,general_user
hiero-cli,PavelSBorisov,2025,maintainer
hiero-cli,andrewb1269,2025,maintainer
hiero-cli,rbarker-dev,2025,maintainer
hiero-cli,michalrozekariane,2025,general_user
hiero-cli,michielmulders,2025,general_user
hiero-cli,se7enarianelabs,2025,general_user
hiero-cli,jeromy-cannon,2025,maintainer
hiero-cli,jwagantall,2025,general_user
hiero-cli,piotrswierzy,2025,maintainer
hiero-cli,github-advanced-security,2025,general_user
hiero-cli,copilot-pull-request-reviewer,2025,general_user
hiero-local-node,dependabot,2026,general_user
hiero-local-node,Ivo-Yankov,2026,committer
hiero-local-node,lfdt-bot,2026,general_user
hiero-local-node,PavelSBorisov,2026,maintainer
hiero-local-node,natanasow,2026,maintainer
hiero-local-node,Nana-EC,2026,maintainer
hiero-local-node,andrewb1269,2026,maintainer
hiero-local-node,rbarker-dev,2026,maintainer
hiero-local-node,timo0,2026,general_user
hiero-local-node,nathanklick,2026,maintainer
hiero-local-node,Jeffrey-morgan34,2026,general_user
hiero-local-node,Neeharika-Sompalli,2026,committer
hiero-local-node,tinker-michaelj,2026,general_user
hiero-local-node,dependabot,2025,general_user
hiero-local-node,jwagantall,2026,general_user
hiero-local-node,PavelSBorisov,2025,maintainer
hiero-local-node,andrewb1269,2025,maintainer
hiero-local-node,rbarker-dev,2025,maintainer
hiero-local-node,copilot-pull-request-reviewer,2025,general_user
hiero-local-node,lfdt-bot,2025,general_user
hiero-local-node,natanasow,2025,maintainer
hiero-local-node,georgi-l95,2025,maintainer
hiero-sdk-rust,Logan-Pageler,2026,general_user
hiero-sdk-rust,gsstoykov,2026,maintainer
hiero-sdk-rust,dependabot,2026,general_user
hiero-sdk-rust,andrewb1269,2026,maintainer
hiero-sdk-rust,ivaylonikolov7,2026,committer
hiero-sdk-rust,PavelSBorisov,2026,maintainer
hiero-sdk-rust,venilinvasilev,2026,general_user
hiero-sdk-rust,venilinvasilev,2025,general_user
hiero-sdk-rust,gsstoykov,2025,maintainer
hiero-sdk-rust,dependabot,2025,general_user
hiero-sdk-rust,jwagantall,2026,general_user
hiero-sdk-rust,rbarker-dev,2026,maintainer
hiero-sdk-rust,rbarker-dev,2025,maintainer
hiero-sdk-rust,andrewb1269,2025,maintainer
hiero-sdk-rust,PavelSBorisov,2025,maintainer
hiero-sdk-rust,ivaylonikolov7,2025,committer
hiero-sdk-rust,stepsecurity-app,2025,general_user
hiero-sdk-tck,mariodimitrovv,2026,committer
hiero-sdk-tck,mustafauzunn,2026,general_user
hiero-sdk-tck,PavelSBorisov,2026,maintainer
hiero-sdk-tck,rwalworth,2026,maintainer
hiero-sdk-tck,0xivanov,2026,committer
hiero-sdk-tck,ivaylonikolov7,2026,committer
hiero-sdk-tck,lfdt-bot,2026,general_user
hiero-sdk-tck,dependabot,2026,general_user
hiero-sdk-tck,mariodimitrovv,2025,committer
hiero-sdk-tck,gsstoykov,2026,committer
hiero-sdk-tck,jwagantall,2026,general_user
hiero-sdk-tck,andrewb1269,2026,maintainer
hiero-sdk-tck,gsstoykov,2025,committer
hiero-sdk-tck,dependabot,2025,general_user
hiero-sdk-tck,0xivanov,2025,committer
hiero-sdk-tck,rwalworth,2025,maintainer
hiero-sdk-tck,andrewb1269,2025,maintainer
hiero-sdk-tck,ivaylonikolov7,2025,committer
hiero-sdk-tck,a-saksena,2025,triage
hiero-mirror-node-explorer,dependabot,2026,general_user
hiero-mirror-node-explorer,svienot,2026,maintainer
hiero-mirror-node-explorer,swirlds-automation,2026,committer
hiero-mirror-node-explorer,Reccetech,2026,general_user
hiero-mirror-node-explorer,andrewb1269,2026,maintainer
hiero-mirror-node-explorer,rbarker-dev,2026,maintainer
hiero-mirror-node-explorer,ericleponner,2026,maintainer
hiero-mirror-node-explorer,steven-sheehy,2026,general_user
hiero-mirror-node-explorer,PavelSBorisov,2026,maintainer
hiero-mirror-node-explorer,jwagantall,2026,general_user
hiero-mirror-node-explorer,ericleponner,2025,maintainer
hiero-mirror-node-explorer,svienot,2025,maintainer
hiero-mirror-node-explorer,MilanWR,2025,maintainer
hiero-mirror-node-explorer,swirlds-automation,2025,committer
hiero-mirror-node-explorer,dependabot,2025,general_user
hiero-mirror-node-explorer,PavelSBorisov,2025,maintainer
hiero-mirror-node-explorer,andrewb1269,2025,maintainer
hiero-mirror-node-explorer,rbarker-dev,2025,maintainer
hiero-sdk-cpp,Egbaiyelo,2026,general_user
hiero-sdk-cpp,dependabot,2026,general_user
hiero-sdk-cpp,rwalworth,2026,maintainer
hiero-sdk-cpp,davin-core,2026,general_user
hiero-sdk-cpp,andrewb1269,2026,maintainer
hiero-sdk-cpp,Akshat8510,2026,triage
hiero-sdk-cpp,freya-docs,2026,general_user
hiero-sdk-cpp,Adityarya11,2026,triage
hiero-sdk-cpp,darshit2308,2026,general_user
hiero-sdk-cpp,PavelSBorisov,2026,maintainer
hiero-sdk-cpp,oGranny,2026,general_user
hiero-sdk-cpp,Kubikusik,2026,general_user
hiero-sdk-cpp,ak004,2026,general_user
hiero-sdk-cpp,rbarker-dev,2026,maintainer
hiero-sdk-cpp,JarvisX-Z,2026,general_user
hiero-sdk-cpp,Ahmed-Sobh77,2026,general_user
hiero-sdk-cpp,aceppaluni,2026,triage
hiero-sdk-cpp,coderabbitai,2026,general_user
hiero-sdk-cpp,gstoykow,2026,general_user
hiero-sdk-cpp,gsstoykov,2026,maintainer
hiero-sdk-cpp,ParasSalonia,2026,general_user
hiero-sdk-cpp,rwalworth,2025,maintainer
hiero-sdk-cpp,gangulysiddhartha22-cmyk,2026,general_user
hiero-sdk-cpp,stepsecurity-app,2026,general_user
hiero-sdk-cpp,realMelTuc,2026,general_user
hiero-sdk-cpp,tech0priyanshu,2026,triage
hiero-sdk-cpp,MonaaEid,2026,triage
hiero-sdk-cpp,exploreriii,2026,triage
hiero-sdk-cpp,Saranya060502,2026,general_user
hiero-sdk-cpp,TikTorchic18,2026,general_user
hiero-sdk-cpp,manav-gill,2026,general_user
hiero-sdk-cpp,SimiHunjan,2026,maintainer
hiero-sdk-cpp,Hardik01363,2026,general_user
hiero-sdk-cpp,AbhinavBangar1,2026,general_user
hiero-sdk-cpp,VITianYash42,2026,general_user
hiero-sdk-cpp,AkshatRai07,2026,general_user
hiero-sdk-cpp,AnantShukla-Git-Hub,2025,general_user
hiero-sdk-cpp,exploreriii,2025,triage
hiero-sdk-cpp,AnantShukla-Git-Hub,2026,general_user
hiero-sdk-cpp,edf1247,2026,general_user
hiero-sdk-cpp,codewithzubair07,2026,general_user
hiero-sdk-cpp,Adityasakare,2026,general_user
hiero-sdk-cpp,akash0-real,2026,general_user
hiero-sdk-cpp,achahid19,2026,general_user
hiero-sdk-cpp,Camden-Kirkpatrick,2026,general_user
hiero-sdk-cpp,undefinedIsMyLife,2026,general_user
hiero-sdk-cpp,rabia-sarfaraz,2026,general_user
hiero-sdk-cpp,jwagantall,2026,general_user
hiero-sdk-cpp,rudrabokade,2026,general_user
hiero-sdk-cpp,nathanklick,2026,maintainer
hiero-sdk-cpp,gsstoykov,2025,maintainer
hiero-sdk-cpp,MANASAB805,2026,general_user
hiero-sdk-cpp,sehrishjaved19,2026,general_user
hiero-sdk-cpp,dependabot,2025,general_user
hiero-sdk-cpp,Atharva1723,2025,general_user
hiero-sdk-cpp,andrewb1269,2025,maintainer
hiero-sdk-cpp,stepsecurity-app,2025,general_user
hiero-sdk-cpp,agadzhalov,2025,committer
hiero-mirror-node,ashumahajan,2026,committer
hiero-mirror-node,jnels124,2026,committer
hiero-mirror-node,steven-sheehy,2026,maintainer
hiero-mirror-node,martingeorgiev1,2026,general_user
hiero-mirror-node,xin-hedera,2026,maintainer
hiero-mirror-node,sdimitrov9,2026,committer
hiero-mirror-node,IvanKavaldzhiev,2026,committer
hiero-mirror-node,bilyana-gospodinova,2026,committer
hiero-mirror-node,nirbosl,2026,committer
hiero-mirror-node,dependabot,2026,general_user
hiero-mirror-node,hedera-github-bot,2026,maintainer
hiero-mirror-node,PavelSBorisov,2026,maintainer
hiero-mirror-node,andrewb1269,2026,maintainer
hiero-mirror-node,Neurone,2026,general_user
hiero-mirror-node,rbarker-dev,2026,maintainer
hiero-mirror-node,jwagantall,2026,general_user
hiero-mirror-node,mgarbs,2026,general_user
hiero-mirror-node,jnels124,2025,committer
hiero-mirror-node,steven-sheehy,2025,maintainer
hiero-mirror-node,xin-hedera,2025,maintainer
hiero-mirror-node,hedera-github-bot,2025,maintainer
hiero-mirror-node,IvanKavaldzhiev,2025,committer
hiero-mirror-node,dependabot,2025,general_user
hiero-mirror-node,andrewb1269,2025,maintainer
hiero-mirror-node,rbarker-dev,2025,maintainer
hiero-mirror-node,nirbosl,2025,committer
hiero-mirror-node,bilyana-gospodinova,2025,committer
hiero-mirror-node,ashumahajan,2025,committer
hiero-mirror-node,martingeorgiev1,2025,general_user
hiero-mirror-node,sdimitrov9,2025,committer
hiero-mirror-node,jjohannes,2025,committer
hiero-mirror-node,nathanklick,2025,maintainer
hiero-mirror-node,Om7035,2025,general_user
hiero-mirror-node,gregscullard,2025,general_user
hiero-mirror-node,stepsecurity-app,2025,general_user
hiero-mirror-node,kselveliev,2025,committer
hiero-mirror-node,itsbrandondev,2025,maintainer
hiero-solo-action,PavelSBorisov,2026,maintainer
hiero-solo-action,hendrikebbers,2026,maintainer
hiero-solo-action,rbarker-dev,2026,maintainer
hiero-solo-action,Ndacyayisenga-droid,2025,committer
hiero-solo-action,Ndacyayisenga-droid,2026,committer
hiero-solo-action,jwagantall,2026,general_user
hiero-solo-action,andrewb1269,2026,maintainer
hiero-solo-action,gsstoykov,2025,maintainer
hiero-solo-action,hendrikebbers,2025,maintainer
hiero-solo-action,venilinvasilev,2025,general_user
hiero-solo-action,rbarker-dev,2025,maintainer
hiero-solo-action,copilot-pull-request-reviewer,2025,general_user
hiero-solo-action,andrewb1269,2025,maintainer
hiero-solo-action,jeromy-cannon,2025,maintainer
hiero-solo-action,0xivanov,2025,general_user
hiero-json-rpc-relay,dependabot,2026,general_user
hiero-json-rpc-relay,jasuwienas,2026,committer
hiero-json-rpc-relay,simzzz,2026,maintainer
hiero-json-rpc-relay,natanasow,2026,maintainer
hiero-json-rpc-relay,BartoszSolkaBD,2026,triage
hiero-json-rpc-relay,Ferparishuertas,2026,maintainer
hiero-json-rpc-relay,bootcodes,2026,triage
hiero-json-rpc-relay,swirlds-automation,2026,committer
hiero-json-rpc-relay,github-advanced-security,2026,general_user
hiero-json-rpc-relay,quiet-node,2026,maintainer
hiero-json-rpc-relay,silkshjasuwienas,2026,general_user
hiero-json-rpc-relay,rbarker-dev,2026,maintainer
hiero-json-rpc-relay,PavelSBorisov,2026,maintainer
hiero-json-rpc-relay,Neurone,2026,general_user
hiero-json-rpc-relay,andrewb1269,2026,maintainer
hiero-json-rpc-relay,crypt0grapher,2026,general_user
hiero-json-rpc-relay,copilot-pull-request-reviewer,2026,general_user
hiero-json-rpc-relay,dependabot,2025,general_user
hiero-json-rpc-relay,konstantinabl,2026,maintainer
hiero-json-rpc-relay,jnsereko,2025,general_user
hiero-json-rpc-relay,mgarbs,2026,general_user
hiero-json-rpc-relay,jwagantall,2026,general_user
hiero-json-rpc-relay,jaycoolslm,2025,general_user
hiero-json-rpc-relay,quiet-node,2025,maintainer
hiero-json-rpc-relay,jasuwienas,2025,committer
hiero-json-rpc-relay,andrewb1269,2025,maintainer
hiero-json-rpc-relay,silkshjasuwienas,2025,general_user
hiero-json-rpc-relay,ddeskov-limechain,2025,general_user
hiero-json-rpc-relay,konstantinabl,2025,maintainer
hiero-json-rpc-relay,simzzz,2025,maintainer
hiero-json-rpc-relay,natanasow,2025,maintainer
hiero-json-rpc-relay,acuarica,2025,maintainer
hiero-json-rpc-relay,kpachhai,2025,general_user
hiero-json-rpc-relay,kpachhai,2026,general_user
hiero-json-rpc-relay,Ferparishuertas,2025,maintainer
hiero-json-rpc-relay,swirlds-automation,2025,committer
hiero-json-rpc-relay,Reccetech,2025,general_user
hiero-json-rpc-relay,github-advanced-security,2025,general_user
hiero-json-rpc-relay,belloibrahv,2025,general_user
hiero-json-rpc-relay,rbarker-dev,2025,maintainer
hiero-json-rpc-relay,nathanklick,2025,maintainer
hiero-json-rpc-relay,arianejasuwienas,2025,general_user
hiero-json-rpc-relay,kasey-alusi-vcc,2025,general_user
hiero-json-rpc-relay,mgarbs,2025,general_user
hiero-json-rpc-relay,stepsecurity-app,2025,general_user
hiero-website,aceppaluni,2026,committer
hiero-website,coderabbitai,2026,general_user
hiero-website,danielmarv,2026,committer
hiero-website,exploreriii,2026,maintainer
hiero-website,hendrikebbers,2026,maintainer
hiero-website,jwagantall,2026,general_user
hiero-website,nathanklick,2026,maintainer
hiero-website,realMelTuc,2026,general_user
hiero-website,dependabot,2026,general_user
hiero-website,andrewb1269,2026,maintainer
hiero-website,copilot-pull-request-reviewer,2026,general_user
hiero-website,stepsecurity-app,2026,general_user
hiero-website,Jexsie,2026,committer
hiero-website,kantorcodes,2026,maintainer
hiero-website,freya-docs,2026,general_user
hiero-website,davidequarracino,2026,general_user
hiero-website,MonaaEid,2026,triage
hiero-website,sebtiem,2026,general_user
hiero-website,samruddhikasar05-bit,2026,general_user
hiero-website,Shivam-Batham,2026,triage
hiero-website,rbarker-dev,2026,maintainer
hiero-website,Abhijeet2409,2026,triage
hiero-website,PavelSBorisov,2026,maintainer
hiero-website,Atharva-1512,2026,general_user
hiero-website,slegarraga,2026,general_user
hiero-website,by22Jy,2026,general_user
hiero-website,coskunrumeysa,2026,general_user
hiero-website,akash0-real,2026,general_user
hiero-website,FAIZ1409,2026,general_user
hiero-website,MostafaElsehy,2026,general_user
hiero-website,scrollingreel,2026,general_user
hiero-website,niveshdandyan,2026,general_user
hiero-website,rwalworth,2026,triage
hiero-website,mukundkumarjha,2026,general_user
hiero-website,Merlinekaviya,2026,general_user
hiero-website,Mounil2005,2026,general_user
hiero-website,viveks-002,2026,general_user
hiero-website,PrathamJain1335,2026,general_user
hiero-website,KushalSinghal01,2026,general_user
hiero-website,tech0priyanshu,2026,triage
hiero-website,Mithra-J,2026,general_user
hiero-website,lfdt-bot,2026,general_user
hiero-website,Reccetech,2026,general_user
hiero-website,lfdt-bot,2025,general_user
hiero-website,exploreriii,2025,maintainer
hiero-website,jwagantall,2025,general_user
hiero-website,nooras,2025,general_user
hiero-website,hendrikebbers,2025,maintainer
hiero-website,Rachitb0611,2025,general_user
hiero-website,cheese-cakee,2025,general_user
hiero-website,chithraka-kal,2025,general_user
hiero-website,andrewb1269,2025,maintainer
hiero-website,rbarker-dev,2025,maintainer
hiero-website,aceppaluni,2025,committer
hiero-website,copilot-pull-request-reviewer,2025,general_user
hiero-website,travismccracken11,2025,general_user
governance,aceppaluni,2026,general_user
governance,hendrikebbers,2026,maintainer
governance,jwagantall,2026,maintainer
governance,andrewb1269,2026,maintainer
governance,rbarker-dev,2026,maintainer
governance,lukelee-sl,2026,committer
governance,jeromy-cannon,2026,maintainer
governance,jan-milenkov,2026,general_user
governance,nathanklick,2026,maintainer
governance,michielmulders,2026,general_user
governance,PavelSBorisov,2026,maintainer
governance,rwalworth,2026,committer
governance,gstoykow,2026,general_user
governance,gsstoykov,2026,committer
governance,SimiHunjan,2026,committer
governance,Nana-EC,2026,committer
governance,Ferparishuertas,2026,committer
governance,0xivanov,2026,committer
governance,ivaylonikolov7,2026,committer
governance,venilinvasilev,2026,committer
governance,agadzhalov,2026,committer
governance,Jeffrey-morgan34,2026,general_user
governance,steven-sheehy,2026,committer
governance,AlfredoG87,2026,committer
governance,jsync-swirlds,2026,committer
governance,a-saksena,2026,general_user
governance,akdev,2026,general_user
governance,exploreriii,2026,committer
governance,ryjones,2026,maintainer
governance,thenswan,2026,general_user
governance,artemananiev,2026,committer
governance,anthony-swirldslabs,2026,general_user
governance,MilanWR,2026,maintainer
governance,lpetrovic05,2026,committer
governance,stoyanov-st,2026,committer
governance,tinker-michaelj,2026,committer
governance,copilot-pull-request-reviewer,2026,general_user
governance,nadineloepfe,2026,committer
governance,AlexanderShenshin,2026,committer
governance,jwagantall,2025,maintainer
governance,exploreriii,2025,committer
governance,mmyslblocky,2025,general_user
governance,piotrswierzy,2025,general_user
governance,michielmulders,2025,general_user
governance,piotrswierzy,2026,general_user
governance,devmab,2026,general_user
governance,dmueller2001,2026,committer
governance,Reccetech,2026,committer
governance,kantorcodes,2026,maintainer
governance,copilot-pull-request-reviewer,2025,general_user
governance,deshmukhpranali,2025,committer
governance,copilot-swe-agent,2026,general_user
governance,dpswirld,2026,general_user
governance,Neeharika-Sompalli,2025,committer
governance,rbarker-dev,2025,maintainer
governance,tinker-michaelj,2025,committer
governance,lukelee-sl,2025,committer
governance,akdev,2025,general_user
governance,lpetrovic05,2025,committer
governance,hendrikebbers,2025,maintainer
governance,kantorcodes,2025,maintainer
governance,Ferparishuertas,2025,committer
governance,andrewb1269,2025,maintainer
governance,rwalworth,2025,committer
governance,AlexanderShenshin,2025,committer
governance,Reccetech,2025,committer
governance,jeromy-cannon,2025,maintainer
governance,nadineloepfe,2025,committer
governance,SimiHunjan,2025,committer
governance,nathanklick,2025,maintainer
governance,olsentorfinn,2025,general_user
governance,ryjones,2025,maintainer
governance,devmab,2025,general_user
governance,MilanWR,2025,maintainer
governance,dmueller2001,2025,committer
governance,joshmarinacci,2025,general_user
governance,mhess-swl,2025,general_user
governance,Nana-EC,2025,committer
governance,AlfredoG87,2025,committer
governance,jsync-swirlds,2025,committer
governance,ivaylonikolov7,2025,committer
governance,poulok,2025,committer
governance,mgarbs,2025,committer
governance,RaphaelMessian,2025,committer
governance,sergmetelin,2025,committer
hiero,jwagantall,2026,general_user
hiero,copilot-pull-request-reviewer,2026,general_user
hiero,PavelSBorisov,2026,maintainer
hiero,AlexanderShenshin,2026,general_user
hiero,exploreriii,2026,general_user
hiero,hendrikebbers,2026,maintainer
hiero,AntonioCeppellini,2026,general_user
hiero,andrewb1269,2026,maintainer
hiero,andrewb1269,2025,maintainer
hiero,jwagantall,2025,general_user
tsc,PavelSBorisov,2026,maintainer
tsc,jwagantall,2026,general_user
tsc,rbarker-dev,2026,maintainer
tsc,andrewb1269,2026,maintainer
tsc,hendrikebbers,2026,maintainer
tsc,itsbrandondev,2025,maintainer
tsc,jwagantall,2025,general_user
tsc,stoqnkpL,2026,maintainer
tsc,itsbrandondev,2026,maintainer
tsc,MilanWR,2026,maintainer
tsc,hendrikebbers,2025,maintainer
tsc,rbarker-dev,2025,maintainer
tsc,andrewb1269,2025,maintainer
tsc,kantorcodes,2025,maintainer
tsc,MilanWR,2025,maintainer
awesome-contributions,jwagantall,2026,general_user
awesome-contributions,andrewb1269,2026,maintainer
awesome-contributions,jwagantall,2025,general_user
awesome-contributions,exploreriii,2025,general_user
awesome-contributions,hendrikebbers,2025,general_user
awesome-contributions,andrewb1269,2025,maintainer
awesome-contributions,rbarker-dev,2025,maintainer
solo,copilot-swe-agent,2026,general_user
solo,JeffreyDallas,2026,committer
solo,jan-milenkov,2026,maintainer
solo,jeromy-cannon,2026,maintainer
solo,copilot-pull-request-reviewer,2026,general_user
solo,andrewb1269,2026,maintainer
solo,dependabot,2026,general_user
solo,Ivo-Yankov,2026,committer
solo,github-advanced-security,2026,general_user
solo,timo0,2026,general_user
solo,timfn-hg,2026,general_user
solo,trunk-io,2026,general_user
solo,boris-bonin,2026,triage
solo,stepsecurity-app,2026,general_user
solo,mgarbs,2026,general_user
solo,nathanklick,2026,maintainer
solo,AlfredoG87,2026,general_user
solo,PavelSBorisov,2026,maintainer
solo,deshmukhpranali,2026,committer
solo,rbarker-dev,2026,maintainer
solo,berryware,2026,general_user
solo,alex-kuzmin-hg,2026,committer
solo,leninmehedy,2026,maintainer
solo,dependabot,2025,general_user
solo,Olexandr88,2026,general_user
solo,torfinnolsenpersonal,2026,general_user
solo,SimiHunjan,2026,triage
solo,olsentorfinn,2026,committer
solo,jeromy-cannon,2025,maintainer
solo,Ivo-Yankov,2025,committer
solo,svienot,2026,general_user
solo,Reccetech,2026,general_user
solo,jan-milenkov,2025,maintainer
solo,JeffreyDallas,2025,committer
solo,copilot-pull-request-reviewer,2025,general_user
solo,rbarker-dev,2025,maintainer
solo,andrewb1269,2025,maintainer
solo,nathanklick,2025,maintainer
solo,olsentorfinn,2025,committer
solo,trunk-io,2025,general_user
solo,leninmehedy,2025,maintainer
solo,tomsdy,2025,general_user
solo,github-advanced-security,2025,general_user
solo,SimiHunjan,2025,triage
solo,xin-hedera,2025,general_user
solo,0xivanov,2025,general_user
solo,stepsecurity-app,2025,general_user
solo,PavelSBorisov,2025,maintainer
.github,jwagantall,2026,general_user
.github,hendrikebbers,2026,maintainer
.github,PavelSBorisov,2026,maintainer
.github,exploreriii,2026,general_user
.github,rwalworth,2026,general_user
.github,aceppaluni,2026,general_user
.github,stepsecurity-app,2026,general_user
.github,andrewb1269,2026,maintainer
.github,exploreriii,2025,general_user
.github,rbarker-dev,2026,maintainer
.github,andrewb1269,2025,maintainer
.github,jwagantall,2025,general_user
.github,hendrikebbers,2025,maintainer
.github,nadineloepfe,2025,general_user
.github,rbarker-dev,2025,maintainer
.github,copilot-pull-request-reviewer,2025,general_user
.github,ryjones,2025,general_user
hiero-hederium,jwagantall,2026,general_user
hiero-hederium,andrewb1269,2026,maintainer
hiero-hederium,rbarker-dev,2026,maintainer
hiero-hederium,dependabot,2025,general_user
hiero-hederium,jwagantall,2025,general_user
hiero-did-sdk-python,dependabot,2026,general_user
hiero-did-sdk-python,AlexanderShenshin,2026,maintainer
hiero-did-sdk-python,PavelSBorisov,2026,maintainer
hiero-did-sdk-python,tajang97,2026,committer
hiero-did-sdk-python,Toktar,2026,maintainer
hiero-did-sdk-python,dependabot,2025,general_user
hiero-did-sdk-python,jwagantall,2026,general_user
hiero-did-sdk-python,andrewb1269,2026,maintainer
hiero-did-sdk-python,AlexanderShenshin,2025,maintainer
hiero-did-sdk-python,paulo-caldas,2026,committer
hiero-did-sdk-python,rbarker-dev,2026,maintainer
hiero-did-sdk-python,stepsecurity-app,2025,general_user
hiero-did-sdk-python,paulo-caldas,2025,committer
hiero-did-sdk-python,paulo-caldas-code,2025,general_user
hiero-did-sdk-python,andrewb1269,2025,maintainer
hiero-did-sdk-python,rbarker-dev,2025,maintainer
hiero-gradle-conventions,dependabot,2026,general_user
hiero-gradle-conventions,jjohannes,2026,maintainer
hiero-gradle-conventions,andrewb1269,2026,maintainer
hiero-gradle-conventions,PavelSBorisov,2026,maintainer
hiero-gradle-conventions,nathanklick,2026,maintainer
hiero-gradle-conventions,rbarker-dev,2026,maintainer
hiero-gradle-conventions,anthony-swirldslabs,2026,general_user
hiero-gradle-conventions,jwagantall,2026,general_user
hiero-gradle-conventions,dependabot,2025,general_user
hiero-gradle-conventions,jjohannes,2025,maintainer
hiero-gradle-conventions,andrewb1269,2025,maintainer
hiero-gradle-conventions,rbarker-dev,2025,maintainer
tsc-eligibility-check,jwagantall,2026,maintainer
tsc-eligibility-check,andrewb1269,2026,maintainer
hiero-did-sdk-js,AlexanderShenshin,2026,maintainer
hiero-did-sdk-js,Toktar,2026,maintainer
hiero-did-sdk-js,stepsecurity-app,2026,general_user
hiero-did-sdk-js,AlexanderShenshin,2025,maintainer
hiero-did-sdk-js,tajang97,2026,committer
hiero-did-sdk-js,jwagantall,2026,general_user
hiero-did-sdk-js,andrewb1269,2026,maintainer
hiero-did-sdk-js,rbarker-dev,2026,maintainer
hiero-did-sdk-js,stepsecurity-app,2025,general_user
hiero-did-sdk-js,Jexsie,2025,general_user
hiero-did-sdk-js,KononovAndrey,2025,maintainer
hiero-did-sdk-js,ryjones,2025,general_user
hiero-did-sdk-js,jwagantall,2025,general_user
sdk-collaboration-hub,exploreriii,2026,committer
sdk-collaboration-hub,rwalworth,2026,maintainer
sdk-collaboration-hub,Gmin2,2026,general_user
sdk-collaboration-hub,hendrikebbers,2026,maintainer
sdk-collaboration-hub,ivaylonikolov7,2026,committer
sdk-collaboration-hub,rwalworth,2025,maintainer
sdk-collaboration-hub,venilinvasilev,2026,committer
sdk-collaboration-hub,timo0,2026,general_user
sdk-collaboration-hub,copilot-pull-request-reviewer,2026,general_user
sdk-collaboration-hub,jsync-swirlds,2026,general_user
sdk-collaboration-hub,PavelSBorisov,2026,maintainer
sdk-collaboration-hub,hendrikebbers,2025,maintainer
sdk-collaboration-hub,0xivanov,2026,committer
sdk-collaboration-hub,Dosik13,2026,general_user
sdk-collaboration-hub,gsstoykov,2026,committer
sdk-collaboration-hub,copilot-pull-request-reviewer,2025,general_user
sdk-collaboration-hub,jwagantall,2026,general_user
sdk-collaboration-hub,KubanjaElijahEldred,2025,general_user
sdk-collaboration-hub,venilinvasilev,2025,committer
sdk-collaboration-hub,Reccetech,2025,general_user
sdk-collaboration-hub,ivaylonikolov7,2025,committer
sdk-collaboration-hub,SimiHunjan,2025,maintainer
sdk-collaboration-hub,exploreriii,2025,committer
sdk-collaboration-hub,0xivanov,2025,committer
sdk-collaboration-hub,jwagantall,2025,general_user
sdk-collaboration-hub,copilot-swe-agent,2025,general_user
sdk-collaboration-hub,joshmarinacci,2025,general_user
sdk-collaboration-hub,Dosik13,2025,general_user
homebrew-tools,copilot-swe-agent,2026,general_user
homebrew-tools,jeromy-cannon,2026,maintainer
homebrew-tools,nathanklick,2026,maintainer
homebrew-tools,JeffreyDallas,2026,committer
homebrew-tools,Ivo-Yankov,2026,general_user
homebrew-tools,michielmulders,2026,general_user
homebrew-tools,jan-milenkov,2026,general_user
homebrew-tools,github-advanced-security,2026,general_user
homebrew-tools,JeffreyDallas,2025,committer
homebrew-tools,jeromy-cannon,2025,maintainer
homebrew-tools,stepsecurity-app,2026,general_user
homebrew-tools,andrewb1269,2026,maintainer
homebrew-tools,copilot-pull-request-reviewer,2026,general_user
homebrew-tools,rbarker-dev,2026,maintainer
homebrew-tools,jwagantall,2026,general_user
homebrew-tools,stepsecurity-app,2025,general_user
homebrew-tools,Ivo-Yankov,2025,general_user
homebrew-tools,nathanklick,2025,maintainer
homebrew-tools,jan-milenkov,2025,general_user
homebrew-tools,jwagantall,2025,general_user
homebrew-tools,copilot-pull-request-reviewer,2025,general_user
hiero-block-node,Nana-EC,2026,maintainer
hiero-block-node,jasperpotts,2026,maintainer
hiero-block-node,jsync-swirlds,2026,maintainer
hiero-block-node,rockysingh,2026,committer
hiero-block-node,AlfredoG87,2026,maintainer
hiero-block-node,piotrswierzy,2026,general_user
hiero-block-node,dependabot,2026,general_user
hiero-block-node,ivannov,2026,triage
hiero-block-node,ata-nas,2026,committer
hiero-block-node,berryware,2026,triage
hiero-block-node,akugal,2026,general_user
hiero-block-node,andrewb1269,2026,maintainer
hiero-block-node,swirlds-automation,2026,committer
hiero-block-node,PavelSBorisov,2026,maintainer
hiero-block-node,deshmukhpranali,2026,general_user
hiero-block-node,Nana-EC,2025,maintainer
hiero-block-node,jsync-swirlds,2025,maintainer
hiero-block-node,derektriley,2026,general_user
hiero-block-node,brunodam,2026,general_user
hiero-block-node,mhess-swl,2026,general_user
hiero-block-node,rbarker-dev,2026,maintainer
hiero-block-node,jasperpotts,2025,maintainer
hiero-block-node,jjohannes,2026,committer
hiero-block-node,mustafauzunn,2026,committer
hiero-block-node,jwagantall,2026,general_user
hiero-block-node,kfbr,2026,general_user
hiero-block-node,deshmukhpranali,2025,general_user
hiero-block-node,rockysingh,2025,committer
hiero-block-node,rbarker-dev,2025,maintainer
hiero-block-node,mustafauzunn,2025,committer
hiero-block-node,ata-nas,2025,committer
hiero-block-node,georgi-l95,2025,maintainer
hiero-block-node,jjohannes,2025,committer
hiero-block-node,AlfredoG87,2025,maintainer
hiero-block-node,andrewb1269,2025,maintainer
hiero-block-node,ivanguravel,2026,general_user
hiero-block-node,anthony-swirldslabs,2026,general_user
hiero-block-node,dependabot,2025,general_user
hiero-block-node,swirlds-automation,2025,committer
hiero-block-node,github-advanced-security,2025,general_user
hiero-block-node,JeffreyDallas,2025,general_user
hiero-block-node,PavelSBorisov,2025,maintainer
hiero-block-node,SimiHunjan,2025,triage
hiero-block-node,leninmehedy,2025,maintainer
hiero-block-node,Om7035,2025,general_user
hiero-block-node,stepsecurity-app,2025,general_user
hiero-enterprise-java,stepsecurity-app,2026,general_user
hiero-enterprise-java,hendrikebbers,2026,maintainer
hiero-enterprise-java,dependabot,2026,general_user
hiero-enterprise-java,Ndacyayisenga-droid,2026,committer
hiero-enterprise-java,manishdait,2026,committer
hiero-enterprise-java,sebtiem,2026,committer
hiero-enterprise-java,jwagantall,2026,general_user
identity-collaboration-hub,AlexanderShenshin,2026,maintainer
identity-collaboration-hub,Toktar,2026,maintainer
identity-collaboration-hub,AlexanderShenshin,2025,maintainer
identity-collaboration-hub,Toktar,2025,maintainer
identity-collaboration-hub,stepsecurity-app,2026,general_user
identity-collaboration-hub,rbarker-dev,2026,maintainer
identity-collaboration-hub,andrewb1269,2026,maintainer
identity-collaboration-hub,jwagantall,2026,general_user
identity-collaboration-hub,rbarker-dev,2025,maintainer
identity-collaboration-hub,andrewb1269,2025,maintainer
identity-collaboration-hub,stepsecurity-app,2025,general_user
identity-collaboration-hub,Reccetech,2025,maintainer
hiero-ethereum-execution-spec-tests,stepsecurity-app,2026,general_user
hiero-ethereum-execution-spec-tests,andrewb1269,2026,maintainer
hiero-consensus-specifications,csnitker-godaddy,2026,general_user
hiero-consensus-specifications,kantorcodes,2026,maintainer
hiero-consensus-specifications,stepsecurity-app,2025,general_user
hiero-consensus-specifications,AlexanderShenshin,2026,general_user
hiero-consensus-specifications,AdetsGithub,2026,general_user
hiero-consensus-specifications,tonycamero,2026,general_user
hiero-consensus-specifications,HGraphPunks,2026,maintainer
hiero-consensus-specifications,jaycoolslm,2026,general_user
hiero-consensus-specifications,chelleswf,2026,maintainer
hiero-consensus-specifications,itsbrandondev,2026,maintainer
hiero-consensus-specifications,hendrikebbers,2026,maintainer
hiero-consensus-specifications,mgarbs,2026,general_user
hiero-consensus-specifications,jwagantall,2026,general_user
hiero-consensus-specifications,nembal,2025,general_user
hiero-consensus-specifications,kantorcodes,2025,maintainer
hiero-consensus-specifications,chelleswf,2025,maintainer
hiero-contracts,jasuwienas,2026,committer
hiero-contracts,PavelSBorisov,2026,maintainer
hiero-contracts,dependabot,2026,general_user
hiero-contracts,Ferparishuertas,2026,maintainer
hiero-contracts,quiet-node,2026,maintainer
hiero-contracts,natanasow,2026,maintainer
hiero-contracts,Ferparishuertas,2025,maintainer
hiero-contracts,jasuwienas,2025,committer
hiero-contracts,natanasow,2025,maintainer
hiero-contracts,simzzz,2026,maintainer
hiero-contracts,konstantinabl,2026,maintainer
hiero-contracts,andrewb1269,2026,maintainer
hiero-contracts,stepsecurity-app,2026,general_user
hiero-contracts,jwagantall,2026,general_user
hiero-contracts,andrewb1269,2025,maintainer
heka-identity-platform,AlexanderShenshin,2026,maintainer
heka-identity-platform,Toktar,2026,maintainer
heka-identity-platform,tajang97,2026,committer
heka-identity-platform,dependabot,2026,general_user
heka-identity-platform,Vanderkast,2026,general_user
heka-identity-platform,stepsecurity-app,2026,general_user
solo-docs,deshmukhpranali,2026,maintainer
solo-docs,Reccetech,2026,maintainer
solo-docs,jeromy-cannon,2026,maintainer
solo-docs,stepsecurity-app,2026,general_user
solo-docs,dependabot,2026,general_user
solo-docs,jan-milenkov,2026,general_user
hiero-consensus-node,andrewb1269,2026,maintainer
hiero-consensus-node,rbarker-dev,2026,maintainer
hiero-consensus-node,imalygin,2026,committer
hiero-consensus-node,artemananiev,2026,maintainer
hiero-consensus-node,OlegMazurov,2026,maintainer
hiero-consensus-node,derektriley,2026,committer
hiero-consensus-node,Neeharika-Sompalli,2026,maintainer
hiero-consensus-node,mhess-swl,2026,committer
hiero-consensus-node,jsync-swirlds,2026,committer
hiero-consensus-node,alex-kuzmin-hg,2026,committer
hiero-consensus-node,xin-hedera,2026,committer
hiero-consensus-node,anthony-swirldslabs,2026,committer
hiero-consensus-node,tinker-michaelj,2026,maintainer
hiero-consensus-node,JivkoKelchev,2026,committer
hiero-consensus-node,Nana-EC,2026,maintainer
hiero-consensus-node,thenswan,2026,committer
hiero-consensus-node,mxtartaglia-sl,2026,committer
hiero-consensus-node,lukasz-hashgraph,2026,committer
hiero-consensus-node,gkozyryatskyy,2026,committer
hiero-consensus-node,0x-ds,2026,triage
hiero-consensus-node,stoyanov-st,2026,maintainer
hiero-consensus-node,steven-sheehy,2026,committer
hiero-consensus-node,joshmarinacci,2026,committer
hiero-consensus-node,Ferparishuertas,2026,maintainer
hiero-consensus-node,Suvrat1629,2026,general_user
hiero-consensus-node,poulok,2026,maintainer
hiero-consensus-node,diogper,2026,triage
hiero-consensus-node,akugal,2026,committer
hiero-consensus-node,petreze,2026,committer
hiero-consensus-node,abies,2026,committer
hiero-consensus-node,lpetrovic05,2026,maintainer
hiero-consensus-node,AlexKehayov,2026,committer
hiero-consensus-node,akdev,2026,committer
hiero-consensus-node,Evdokia-Georgieva,2026,committer
hiero-consensus-node,aderevets,2026,committer
hiero-consensus-node,Grigorov-Georgi,2026,triage
hiero-consensus-node,ibankov,2026,committer
hiero-consensus-node,ElijahLynn,2026,committer
hiero-consensus-node,PavelSBorisov,2026,maintainer
hiero-consensus-node,viniciusjssouza,2026,triage
hiero-consensus-node,netopyr,2026,maintainer
hiero-consensus-node,dependabot,2026,general_user
hiero-consensus-node,cliffclick,2026,committer
hiero-consensus-node,Neurone,2026,general_user
hiero-consensus-node,jjohannes,2026,committer
hiero-consensus-node,Jeffrey-morgan34,2026,committer
hiero-consensus-node,timfn-hg,2026,committer
hiero-consensus-node,nathanklick,2026,maintainer
hiero-consensus-node,trunk-io,2026,general_user
hiero-consensus-node,jasperpotts,2026,maintainer
hiero-consensus-node,copilot-pull-request-reviewer,2026,general_user
hiero-consensus-node,timo0,2026,committer
hiero-consensus-node,Chinnmay,2026,triage
hiero-consensus-node,derektriley,2025,committer
hiero-consensus-node,Neeharika-Sompalli,2025,maintainer
hiero-consensus-node,JivkoKelchev,2025,committer
hiero-consensus-node,allison-hashgraph,2026,committer
hiero-consensus-node,AlfredoG87,2026,general_user
hiero-consensus-node,artemananiev,2025,maintainer
hiero-consensus-node,edward-swirldslabs,2026,committer
hiero-consensus-node,timfn-hg,2025,committer
hiero-consensus-node,mhess-swl,2025,committer
hiero-consensus-node,timo0,2025,committer
hiero-consensus-node,abies,2025,committer
hiero-consensus-node,mxtartaglia-sl,2025,committer
hiero-consensus-node,stoqnkpL,2026,maintainer
hiero-consensus-node,mariopavlov,2026,general_user
hiero-consensus-node,AlexKehayov,2025,committer
hiero-consensus-node,thenswan,2025,committer
hiero-consensus-node,kfbr,2026,committer
hiero-consensus-node,rbair23,2026,maintainer
hiero-consensus-node,alex-kuzmin-hg,2025,committer
hiero-consensus-node,rbarker-dev,2025,maintainer
hiero-consensus-node,andrewb1269,2025,maintainer
hiero-consensus-node,dependabot,2025,general_user
hiero-consensus-node,PavelSBorisov,2025,maintainer
hiero-consensus-node,copilot-swe-agent,2026,general_user
hiero-consensus-node,petreze,2025,committer
hiero-consensus-node,anthony-swirldslabs,2025,committer
hiero-consensus-node,dalvizu,2026,committer
hiero-consensus-node,joshmarinacci,2025,committer
hiero-consensus-node,lukelee-sl,2026,maintainer
hiero-consensus-node,IvanKavaldzhiev,2026,committer
hiero-consensus-node,lpetrovic05,2025,maintainer
hiero-consensus-node,akugal,2025,committer
hiero-consensus-node,jwagantall,2026,general_user
hiero-consensus-node,rbair23,2025,maintainer
hiero-consensus-node,copilot-pull-request-reviewer,2025,general_user
hiero-consensus-node,imalygin,2025,committer
hiero-consensus-node,lukelee-sl,2025,maintainer
hiero-consensus-node,netopyr,2025,maintainer
hiero-consensus-node,jsync-swirlds,2025,committer
hiero-consensus-node,venilinvasilev,2026,general_user
hiero-consensus-node,ibankov,2025,committer
hiero-consensus-node,tinker-michaelj,2025,maintainer
hiero-consensus-node,edward-swirldslabs,2025,committer
hiero-consensus-node,JeffreyDallas,2026,committer
hiero-consensus-node,aderevets,2025,committer
hiero-consensus-node,Evdokia-Georgieva,2025,committer
hiero-consensus-node,poulok,2025,maintainer
hiero-consensus-node,lukasz-hashgraph,2025,committer
hiero-consensus-node,gkozyryatskyy,2025,committer
hiero-consensus-node,jeromy-cannon,2025,maintainer
hiero-consensus-node,mgarbs,2025,general_user
hiero-consensus-node,jasperpotts,2025,maintainer
hiero-consensus-node,rockysingh,2025,general_user
hiero-consensus-node,akdev,2025,committer
hiero-consensus-node,Jeffrey-morgan34,2025,committer
hiero-consensus-node,nathanklick,2025,maintainer
hiero-consensus-node,Nana-EC,2025,maintainer
hiero-consensus-node,stoyanov-st,2025,maintainer
hiero-consensus-node,Ferparishuertas,2025,maintainer
hiero-consensus-node,xin-hedera,2025,committer
hiero-consensus-node,AlfredoG87,2025,general_user
hiero-consensus-node,OlegMazurov,2025,maintainer
hiero-consensus-node,dalvizu,2025,committer
hiero-consensus-node,JeffreyDallas,2025,committer
hiero-consensus-node,github-advanced-security,2025,general_user
hiero-consensus-node,jjohannes,2025,committer
hiero-consensus-node,kaldun-tech,2025,general_user
hiero-consensus-node,Suvrat1629,2025,general_user
hiero-consensus-node,leninmehedy,2025,maintainer
hiero-consensus-node,acuarica,2025,general_user
hiero-consensus-node,tomzhenghedera,2025,committer
hiero-consensus-node,allison-hashgraph,2025,committer
hiero-consensus-node,SimiHunjan,2025,committer
hiero-consensus-node,rsinha,2025,committer
hiero-consensus-node,mustafauzunn,2025,committer
hiero-consensus-node,shikhar1est,2025,general_user
hiero-consensus-node,ElijahLynn,2025,committer
hiero-consensus-node,stepsecurity-app,2025,general_user
hiero-sdk-python,Mounil2005,2026,triage
hiero-sdk-python,copilot-pull-request-reviewer,2026,general_user
hiero-sdk-python,coderabbitai,2026,general_user
hiero-sdk-python,AntonioCeppellini,2026,committer
hiero-sdk-python,rayank906,2026,general_user
hiero-sdk-python,exploreriii,2026,maintainer
hiero-sdk-python,manishdait,2026,maintainer
hiero-sdk-python,cheese-cakee,2026,triage
hiero-sdk-python,Adityarya11,2026,committer
hiero-sdk-python,gangulysiddhartha22-cmyk,2026,general_user
hiero-sdk-python,aceppaluni,2026,committer
hiero-sdk-python,aiedwardyi,2026,general_user
hiero-sdk-python,Akshat8510,2026,committer
hiero-sdk-python,NishanthMolleti,2026,general_user
hiero-sdk-python,MonaaEid,2026,committer
hiero-sdk-python,om12prakash,2026,general_user
hiero-sdk-python,tech0priyanshu,2026,triage
hiero-sdk-python,parvninama,2026,triage
hiero-sdk-python,rbarker-dev,2026,maintainer
hiero-sdk-python,dependabot,2026,general_user
hiero-sdk-python,AkshayKumarSahu,2026,general_user
hiero-sdk-python,Dosik13,2026,committer
hiero-sdk-python,danielmarv,2026,general_user
hiero-sdk-python,Abhijeet2409,2026,general_user
hiero-sdk-python,Yuki9814,2026,general_user
hiero-sdk-python,shixian-HFUT,2026,general_user
hiero-sdk-python,greywolf8,2026,general_user
hiero-sdk-python,Rajkoli145,2026,general_user
hiero-sdk-python,oGranny,2026,general_user
hiero-sdk-python,adityagiri3600,2026,general_user
hiero-sdk-python,emanisaikumar01,2026,general_user
hiero-sdk-python,step-security-bot,2026,general_user
hiero-sdk-python,RogueTex,2026,general_user
hiero-sdk-python,P-r-e-m-i-u-m,2026,general_user
hiero-sdk-python,mizoz,2026,general_user
hiero-sdk-python,freya-docs,2026,general_user
hiero-sdk-python,ndpvt-web,2026,general_user
hiero-sdk-python,Aman-Singh-Kushwaha,2026,general_user
hiero-sdk-python,prajeeta15,2026,triage
hiero-sdk-python,qawine,2026,general_user
hiero-sdk-python,SergioChan,2026,general_user
hiero-sdk-python,Ethan-vim,2026,general_user
hiero-sdk-python,Halbot100,2026,general_user
hiero-sdk-python,OnlyTerp,2026,general_user
hiero-sdk-python,leonardo-gonc,2026,general_user
hiero-sdk-python,Pradeepbeleri,2026,general_user
hiero-sdk-python,andrewb1269,2026,maintainer
hiero-sdk-python,ambicuity,2026,general_user
hiero-sdk-python,hendrikebbers,2026,maintainer
hiero-sdk-python,mukundkumarjha,2026,general_user
hiero-sdk-python,GeeshaN2001,2026,general_user
hiero-sdk-python,AshharAhmadKhan,2026,general_user
hiero-sdk-python,undefinedIsMyLife,2026,triage
hiero-sdk-python,rwalworth,2026,triage
hiero-sdk-python,manishdait,2025,maintainer
hiero-sdk-python,coderabbitai,2025,general_user
hiero-sdk-python,aceppaluni,2025,committer
hiero-sdk-python,AntonioCeppellini,2025,committer
hiero-sdk-python,exploreriii,2025,maintainer
hiero-sdk-python,SpeedRelativity,2026,general_user
hiero-sdk-python,anushka7426,2026,general_user
hiero-sdk-python,omaarsaaleh,2026,general_user
hiero-sdk-python,M-Destiny,2026,general_user
hiero-sdk-python,ssiweifnag,2026,general_user
hiero-sdk-python,by22Jy,2026,general_user
hiero-sdk-python,EugeneSim,2026,general_user
hiero-sdk-python,Rajsinha7,2026,general_user
hiero-sdk-python,jona42-ui,2026,general_user
hiero-sdk-python,Deepak8858,2026,general_user
hiero-sdk-python,dtee1,2026,general_user
hiero-sdk-python,cnaples79,2026,general_user
hiero-sdk-python,Subhrasameerdash,2026,general_user
hiero-sdk-python,imraflip,2026,general_user
hiero-sdk-python,zhanglinqian,2026,general_user
hiero-sdk-python,ParasSalonia,2026,general_user
hiero-sdk-python,Pikolosan,2026,general_user
hiero-sdk-python,achahid19,2026,general_user
hiero-sdk-python,vbhavh,2026,general_user
hiero-sdk-python,shrav-jally,2026,general_user
hiero-sdk-python,niveshdandyan,2026,general_user
hiero-sdk-python,miguel23es,2026,general_user
hiero-sdk-python,Raghav-56,2026,general_user
hiero-sdk-python,drtoxic69,2026,triage
hiero-sdk-python,MrMadHatt,2026,general_user
hiero-sdk-python,Camden-Kirkpatrick,2026,general_user
hiero-sdk-python,mariami57,2026,general_user
hiero-sdk-python,Flames4fun,2026,general_user
hiero-sdk-python,RKNAGA18,2026,general_user
hiero-sdk-python,SoulSniper-V2,2026,general_user
hiero-sdk-python,sahajshukla,2026,general_user
hiero-sdk-python,ij1205,2026,general_user
hiero-sdk-python,jwagantall,2026,general_user
hiero-sdk-python,Aditya0105singh,2026,general_user
hiero-sdk-python,GodishalaAshwith,2026,general_user
hiero-sdk-python,AbbyHumphreys,2026,general_user
hiero-sdk-python,MohamedSharfan,2026,general_user
hiero-sdk-python,ShrutiJ3110,2026,general_user
hiero-sdk-python,prishajaiswal75,2026,general_user
hiero-sdk-python,HirulaAbesignha,2026,general_user
hiero-sdk-python,KunalSiyag,2026,general_user
hiero-sdk-python,adityaKothari06,2026,general_user
hiero-sdk-python,kordianpawelec,2026,general_user
hiero-sdk-python,CODEAbhinav-art,2026,general_user
hiero-sdk-python,Gunjan2244,2026,general_user
hiero-sdk-python,AkshayCu-Codes,2026,general_user
hiero-sdk-python,kushagrakaushik,2026,general_user
hiero-sdk-python,Vinzy0,2026,general_user
hiero-sdk-python,drtoxic69,2025,triage
hiero-sdk-python,priyanka7411,2026,general_user
hiero-sdk-python,akramsdm,2026,general_user
hiero-sdk-python,emiliyank,2026,triage
hiero-sdk-python,prishajaiswal75,2025,general_user
hiero-sdk-python,suyash1567,2025,general_user
hiero-sdk-python,pratyush0325,2025,general_user
hiero-sdk-python,cxhello,2026,general_user
hiero-sdk-python,KubanjaElijahEldred,2026,general_user
hiero-sdk-python,nadineloepfe,2025,maintainer
hiero-sdk-python,tech0priyanshu,2025,triage
hiero-sdk-python,MonaaEid,2025,committer
hiero-sdk-python,Mounil2005,2025,triage
hiero-sdk-python,Adityarya11,2025,committer
hiero-sdk-python,parvninama,2025,triage
hiero-sdk-python,copilot-pull-request-reviewer,2025,general_user
hiero-sdk-python,KubanjaElijahEldred,2025,general_user
hiero-sdk-python,darshita27-cmd,2025,general_user
hiero-sdk-python,undefinedIsMyLife,2025,triage
hiero-sdk-python,DAShaikh10,2026,general_user
hiero-sdk-python,cheese-cakee,2025,triage
hiero-sdk-python,Akshat8510,2025,committer
hiero-sdk-python,joshiy2006,2025,general_user
hiero-sdk-python,Avni2005-hash,2025,general_user
hiero-sdk-python,prajeeta15,2025,triage
hiero-sdk-python,DAShaikh10,2025,general_user
hiero-sdk-python,mathew1046,2025,general_user
hiero-sdk-python,majiayu000,2025,general_user
hiero-sdk-python,HusseinYasser,2025,general_user
hiero-sdk-python,Mohit-Inquisitive,2025,general_user
hiero-sdk-python,nagaraju504,2025,general_user
hiero-sdk-python,sarthak-cs,2025,general_user
hiero-sdk-python,emiliyank,2025,triage
hiero-sdk-python,gemini-25-pro-collab,2025,general_user
hiero-sdk-python,Pranay22077,2025,general_user
hiero-sdk-python,levitepeter,2025,general_user
hiero-sdk-python,adityashirsatrao007,2025,general_user
hiero-sdk-python,mukundkumarjha,2025,general_user
hiero-sdk-python,andrerovee,2025,general_user
hiero-sdk-python,TianyangRen,2025,general_user
hiero-sdk-python,AubreyDDD,2025,general_user
hiero-sdk-python,ChaitanyaChute,2025,general_user
hiero-sdk-python,tiya-15,2025,general_user
hiero-sdk-python,PGrayCS,2025,general_user
hiero-sdk-python,dependabot,2025,general_user
hiero-sdk-python,thzthix,2025,general_user
hiero-sdk-python,kplnosmn94-droid,2025,general_user
hiero-sdk-python,Bhavanahegde-23,2025,general_user
hiero-sdk-python,rahul-797,2025,general_user
hiero-sdk-python,tWiLighT-xY91,2025,general_user
hiero-sdk-python,anushac13,2025,general_user
hiero-sdk-python,dantesb777,2025,general_user
hiero-sdk-python,Mickey08JK,2025,general_user
hiero-sdk-python,Rowrow620,2025,general_user
hiero-sdk-python,Avijeet-Mandal,2025,general_user
hiero-sdk-python,colslice,2025,general_user
hiero-sdk-python,prakhar14-op,2025,general_user
hiero-sdk-python,Raja-89,2025,general_user
hiero-sdk-python,Giannis-dot,2025,general_user
hiero-sdk-python,0xivanov,2025,general_user
hiero-sdk-python,Om7035,2025,general_user
hiero-sdk-python,CynthiaFotso,2025,general_user
hiero-sdk-python,advay-sinha,2025,general_user
hiero-sdk-python,Rachitb0611,2025,general_user
hiero-sdk-python,jaideepkathiresan,2025,general_user
hiero-sdk-python,harshadsutar,2025,general_user
hiero-sdk-python,stepsecurity-app,2025,general_user
hiero-sdk-python,Shahzaibyy,2025,general_user
hiero-sdk-python,nikhil-nari,2025,general_user
hiero-sdk-python,PrakharJain1509,2025,general_user
hiero-sdk-python,elsakarvouni,2025,general_user
hiero-sdk-python,Dosik13,2025,committer
hiero-sdk-python,DinethShakya23,2025,general_user
hiero-sdk-python,Rishabh1925,2025,general_user
hiero-sdk-python,rbarker-dev,2025,maintainer
hiero-sdk-python,Pratyush2240,2025,general_user
hiero-sdk-python,ryleymao,2025,general_user
hiero-sdk-python,SnigdhaSarkar16,2025,general_user
hiero-sdk-python,Andresl1234,2025,general_user
hiero-sdk-python,ParthShikhare19,2025,general_user
hiero-sdk-python,douglasevaristo,2025,general_user
hiero-sdk-python,madhav-15,2025,general_user
hiero-sdk-python,SarthakJain29,2025,general_user
hiero-sdk-python,Zaki-Mohd,2025,general_user
hiero-sdk-python,trueashik,2025,general_user
hiero-sdk-python,Utsav1256,2025,general_user
hiero-sdk-python,BhuvanB404,2025,general_user
hiero-sdk-python,vanshgupta11,2025,general_user
hiero-sdk-python,sankhya007,2025,general_user
hiero-sdk-python,RaghavGanesh7,2025,general_user
hiero-sdk-python,OnatadeTobi,2025,general_user
hiero-sdk-python,riyadey27,2025,general_user
hiero-sdk-python,Ananya44444,2025,general_user
hiero-sdk-python,msaadsbr,2025,general_user
hiero-sdk-python,Ishwarpatra,2025,general_user
hiero-sdk-python,gg21-prog,2025,general_user
hiero-sdk-python,bhaskargurram-ai,2025,general_user
hiero-sdk-python,joepaulvilsan,2025,general_user
hiero-sdk-python,mollymont,2025,general_user
hiero-sdk-python,amritamishra01,2025,general_user
hiero-sdk-python,ambicuity,2025,general_user
hiero-sdk-python,prapulkrishna-shaik,2025,general_user
hiero-sdk-python,andrewb1269,2025,maintainer
hiero-sdk-python,NayandG07,2025,general_user
hiero-sdk-python,Shashank0701-byte,2025,general_user
hiero-sdk-python,arnav-terex,2025,general_user
hiero-sdk-python,chithraka-kal,2025,general_user
hiero-sdk-python,Akshat1931,2025,general_user
hiero-sdk-python,piyush588,2025,general_user
hiero-sdk-python,jwagantall,2025,general_user
hiero-sdk-python,tharun634,2025,general_user
hiero-sdk-python,kphero,2025,general_user
