repo,triage,committer,maintainer
.github,0,0,6
awesome-contributions,0,0,0
governance,0,70,0
heka-identity-platform,0,3,2
hiero,0,0,0
hiero-block-node,3,10,4
hiero-cli,0,2,5
hiero-consensus-node,4,54,16
hiero-consensus-specifications,0,2,5
hiero-contracts,3,26,12
hiero-did-sdk-js,0,1,7
hiero-did-sdk-python,0,2,4
hiero-docs,0,0,3
hiero-enterprise-java,0,3,1
hiero-ethereum-execution-spec-tests,2,9,12
hiero-gradle-conventions,0,1,4
hiero-hederium,0,0,2
hiero-improvement-proposals,0,78,4
hiero-json-rpc-relay,3,10,7
hiero-local-node,0,7,3
hiero-mirror-node,0,9,3
hiero-mirror-node-explorer,0,0,3
hiero-sdk-cpp,1,1,3
hiero-sdk-go,0,1,5
hiero-sdk-java,0,1,5
hiero-sdk-js,2,2,5
hiero-sdk-python,8,6,3
hiero-sdk-rust,0,3,4
hiero-sdk-swift,0,2,2
hiero-sdk-tck,1,7,2
hiero-solo-action,0,1,2
hiero-website,2,3,2
homebrew-tools,0,2,4
identity-collaboration-hub,0,1,6
roadmap,0,16,3
sdk-collaboration-hub,0,9,3
solo,2,6,4
solo-docs,0,0,6
tsc,0,0,9
tsc-eligibility-check,0,0,3
